Word,Available
abase,Yes
abate,Not
aback,Yes
abaya,Yes
abbey,Not
abhor,Yes
abets,Yes
abide,Not
abode,Not
about,Not
above,Not
abuse,Not
abyss,Not
abuts,Yes
ached,Yes
abort,Not
acing,Yes
acids,Yes
acorn,Not
ackee,Yes
abbot,Not
acres,Not
acrid,Yes
acted,Yes
actin,Yes
actor,Not
acute,Not
adage,Yes
adapt,Not
added,Yes
addle,Yes
adieu,Not
adios,Not
adman,Not
admit,Yes
adobo,Not
adore,Not
adult,Not
adzes,Yes
adits,Yes
aches,Not
afire,Yes
afoot,Not
afore,Yes
adorn,Not
after,Not
aeons,Yes
again,Not
aegis,Not
aerie,Yes
agape,Not
adobe,Not
agate,Yes
agave,Not
adept,Not
aggro,Not
adder,Not
agile,Not
aging,Yes
adopt,Yes
aglow,Not
admin,Not
agent,Not
agony,Not
agora,Not
agree,Not
ahead,Not
ahold,Yes
aided,Yes
aides,Yes
ailed,Yes
aimer,Not
aioli,Not
aider,Not
aisle,Yes
alarm,Not
aired,Not
aimed,Yes
album,Not
alder,Not
alert,Not
aleph,Not
algal,Yes
affix,Not
algae,Yes
